title,label
What important legal issues should employers be concerned about when it comes to terminating employees?,1
Do I need to worry about potential legal issues when setting up a new business?,1
What legal issues should I be concerned about when leasing commercial property?,1
"Is it important to have a lawyer review contracts before signing them, and what legal issues might arise if I don't?",1
What legal issues should I be concerned about when starting a non-profit organization?,1
Do I need a lawyer to handle legal issues related to trademark infringement?,1
What important legal issues should parents be concerned about when setting up a trust for their children?,1
"Can an employee sue their employer for discrimination, and what legal issues might arise in such a case?",1
What legal issues should I be worried about when using open-source software in my business?,1
Are there any legal issues to be concerned about when creating and publishing content online?,1
What legal issues should be considered when buying or selling a business?,1
Do I need a lawyer to help me navigate legal issues related to intellectual property?,1
What legal issues should I be concerned about when signing a lease for residential property?,1
"Is it important to have a lawyer review a prenuptial agreement, and what legal issues might arise if I don't?",1
What legal issues should I be worried about when engaging in international business?,1
Are there any legal issues to be concerned about when investing in the stock market?,1
Do I need a lawyer to handle legal issues related to contract disputes?,1
What legal issues should I be concerned about when hiring employees?,1
"Is it important to have a lawyer review a will or trust, and what legal issues might arise if I don't?",1
What legal issues should I be worried about when starting a franchise?,1
Are there any legal issues to be concerned about when buying or selling real estate?,1
Do I need a lawyer to handle legal issues related to debt collection?,1
What legal issues should I be concerned about when starting a new business partnership?,1
"Is it important to have a lawyer review a loan agreement, and what legal issues might arise if I don't?",1
What legal issues should I be worried about when conducting business online?,1
Are there any legal issues to be concerned about when renting a car or other vehicle?,1
Do I need a lawyer to handle legal issues related to bankruptcy?,1
What legal issues should I be concerned about when hiring independent contractors?,1
"Is it important to have a lawyer review a purchase agreement, and what legal issues might arise if I don't?",1
What legal issues should I be worried about when investing in a startup?,1
Are there any legal issues to be concerned about when entering into a joint venture?,1
Do I need a lawyer to handle legal issues related to employment law?,1
What legal issues should I be concerned about when purchasing insurance?,1
"Is it important to have a lawyer review a licensing agreement, and what legal issues might arise if I don't?",1
What legal issues should I be worried about when investing in cryptocurrency?,1
Are there any legal issues to be concerned about when accepting payments online?,1
Do I need a lawyer to handle legal issues related to construction projects?,1
What legal issues should I be concerned about when creating an estate plan?,1
"Is it important to have a lawyer review a distribution agreement, and what legal issues might arise if I don't?",1
What legal issues should I be worried about when investing in mutual funds?,1
Are there any legal issues to be concerned about when accepting donations for a non-profit organization?,1
Do I need a lawyer to handle legal issues related to tax law?,1
What legal issues should I be concerned about when starting a business with a partner?,1
"Is it important to have a lawyer review a franchise agreement, and what legal issues might arise if I don't?",1
What legal issues should I be worried about when investing in real estate?,1
Are there any legal issues to be concerned about when accepting online payments?,1
Do I need a lawyer to handle legal issues related to immigration law?,1
What legal issues should I be concerned about when creating a non-disclosure agreement?,1
"Is it important to have a lawyer review a software licensing agreement, and what legal issues might arise if I don't?",1
What legal issues should I be worried about when investing in bonds?,1
Are there any legal issues to be concerned about when accepting donations for a political campaign?,1
Do I need a lawyer to handle legal issues related to intellectual property disputes?,1
What legal issues should I be concerned about when creating a privacy policy for my website?,1
"Is it important to have a lawyer review an employment contract, and what legal issues might arise if I don't?",1
What legal issues should I be worried about when investing in a hedge fund?,1
Are there any legal issues to be concerned about when accepting payments via PayPal or other online payment processors?,1
Do I need a lawyer to handle legal issues related to environmental law?,1
What legal issues should I be concerned about when creating a power of attorney?,1
"Is it important to have a lawyer review a software development agreement, and what legal issues might arise if I don't?",1
What legal issues should I be worried about when investing in a private equity fund?,1
Are there any legal issues to be concerned about when accepting donations for a charitable organization?,1
Do I need a lawyer to handle legal issues related to healthcare law?,1
What legal issues should I be concerned about when creating a terms of service agreement for my website?,1
"Is it important to have a lawyer review an independent contractor agreement, and what legal issues might arise if I don't?",1
What legal issues should I be worried about when investing in a venture capital fund?,1
Are there any legal issues to be concerned about when accepting payments via Bitcoin or other cryptocurrency?,1
Do I need a lawyer to handle legal issues related to international trade law?,1
What legal issues should I be concerned about when creating a partnership agreement?,1
"Is it important to have a lawyer review a website development agreement, and what legal issues might arise if I don't?",1
What legal issues should I be worried about when investing in a real estate investment trust (REIT)?,1
Are there any legal issues to be concerned about when accepting donations for a political action committee (PAC)?,1
Do I need a lawyer to handle legal issues related to product liability law?,1
What legal issues should I be concerned about when creating a shareholder agreement?,1
"Is it important to have a lawyer review a software support agreement, and what legal issues might arise if I don't?",1
What legal issues should I be worried about when investing in a commodities fund?,1
Are there any legal issues to be concerned about when accepting payments via Venmo or other peer-to-peer payment platforms?,1
Do I need a lawyer to handle legal issues related to securities law?,1
What legal issues should I be concerned about when creating a prenuptial agreement?,1
"Is it important to have a lawyer review an affiliate agreement, and what legal issues might arise if I don't?",1
What legal issues should I be worried about when investing in a mutual fund?,1
Are there any legal issues to be concerned about when accepting donations for a religious organization?,1
Are there any legal issues to be concerned about when investing in a mutual fund?,1
Do I need a lawyer to handle legal issues related to franchise law?,1
What legal issues should I be concerned about when creating a contractor agreement?,1
"Is it important to have a lawyer review a software license agreement, and what legal issues might arise if I don't?",1
What legal issues should I be worried about when investing in a unit investment trust (UIT)?,1
Are there any legal issues to be concerned about when accepting payments via Zelle or other bank transfer services?,1
Do I need a lawyer to handle legal issues related to bankruptcy law?,1
What legal issues should I be concerned about when creating a living will?,1
"Is it important to have a lawyer review a social media marketing agreement, and what legal issues might arise if I don't?",1
What legal issues should I be worried about when investing in a real estate syndication?,1
Are there any legal issues to be concerned about when accepting donations for a nonprofit organization?,1
Do I need a lawyer to handle legal issues related to labor law?,1
What legal issues should I be concerned about when creating a consulting agreement?,1
"Is it important to have a lawyer review a software subscription agreement, and what legal issues might arise if I don't?",1
What legal issues should I be worried about when investing in a 401(k) or other retirement plan?,1
Are there any legal issues to be concerned about when accepting payments via Stripe or other payment processors?,1
Do I need a lawyer to handle legal issues related to tax law?,1
What legal issues should I be concerned about when creating a will?,1
"Is it important to have a lawyer review a web hosting agreement, and what legal issues might arise if I don't?",1
What legal issues should I be worried about when investing in a 529 college savings plan?,1
Are there any legal issues to be concerned about when accepting donations for a political candidate?,1
Do I need a lawyer to handle legal issues related to contract law?,1
What legal issues should I be concerned about when creating a purchase agreement?,1
"Is it important to have a lawyer review a software maintenance agreement, and what legal issues might arise if I don't?",1
What legal issues should I be worried about when investing in a commodity pool?,1
Are there any legal issues to be concerned about when accepting payments via Google Pay or other digital wallets?,1
Do I need a lawyer to handle legal issues related to family law?,1
What legal issues should I be concerned about when creating an employment agreement?,1
"Is it important to have a lawyer review a website hosting agreement, and what legal issues might arise if I don't?",1
What legal issues should I be worried about when investing in an exchange-traded fund (ETF)?,1
Are there any legal issues to be concerned about when accepting donations for a social club or organization?,1
Do I need a lawyer to handle legal issues related to property law?,1
What legal issues should I be concerned about when creating a loan agreement?,1
"Is it important to have a lawyer review a software distribution agreement, and what legal issues might arise if I don't?",1
What legal issues should I be worried about when investing in a master limited partnership (MLP)?,1
Are there any legal issues to be concerned about when accepting payments via Square or other mobile payment apps?,1
Do I need a lawyer to handle legal issues related to criminal law?,1
What legal issues should I be concerned about when creating a lease agreement?,1
What legal issues should I be worried about when investing in a real estate investment trust (REIT)?,1
Are there any legal issues to be concerned about when accepting donations for a religious organization?,1
Do I need a lawyer to handle legal issues related to immigration law?,1
What legal issues should I be concerned about when creating a non-disclosure agreement?,1
"Is it important to have a lawyer review a website development agreement, and what legal issues might arise if I don't?",1
What legal issues should I be worried about when investing in a hedge fund?,1
Are there any legal issues to be concerned about when accepting payments via Venmo or other peer-to-peer payment apps?,1
Do I need a lawyer to handle legal issues related to intellectual property law?,1
What legal issues should I be concerned about when creating a partnership agreement?,1
"Is it important to have a lawyer review a website terms of service agreement, and what legal issues might arise if I don't?",1
What legal issues should I be worried about when investing in a private equity fund?,1
Are there any legal issues to be concerned about when accepting donations for a charitable organization?,1
Do I need a lawyer to handle legal issues related to environmental law?,1
What legal issues should I be concerned about when creating a power of attorney?,1
"Is it important to have a lawyer review a website privacy policy, and what legal issues might arise if I don't?",1
What legal issues should I be worried about when investing in a venture capital fund?,1
Are there any legal issues to be concerned about when accepting payments via PayPal or other online payment systems?,1
Do I need a lawyer to handle legal issues related to securities law?,1
What legal issues should I be concerned about when creating a stock purchase agreement?,1
"Is it important to have a lawyer review a website user agreement, and what legal issues might arise if I don't?",1
What legal issues should I be worried about when investing in a real estate crowdfunding platform?,1
Are there any legal issues to be concerned about when accepting donations for a political action committee (PAC)?,1
Do I need a lawyer to handle legal issues related to employment discrimination law?,1
What legal issues should I be concerned about when creating a severance agreement?,1
"Is it important to have a lawyer review a software licensing and services agreement, and what legal issues might arise if I don't?",1
What legal issues should I be worried about when investing in a private placement memorandum (PPM)?,1
Are there any legal issues to be concerned about when accepting payments via Apple Pay or other mobile wallets?,1
Do I need a lawyer to handle legal issues related to bankruptcy litigation?,1
What legal issues should I be concerned about when creating a shareholder agreement?,1
"Is it important to have a lawyer review a website disclaimer, and what legal issues might arise if I don't?",1
What legal issues should I be worried about when investing in a real estate limited partnership (RELP)?,1
Are there any legal issues to be concerned about when accepting donations for a social welfare organization?,1
Do I need a lawyer to handle legal issues related to intellectual property litigation?,1
What legal issues should I be concerned about when creating a stock option agreement?,1
"Is it important to have a lawyer review a software maintenance and support agreement, and what legal issues might arise if I don't?",1
What legal issues should I be worried about when investing in a real estate mortgage investment conduit (REMIC)?,1
Are there any legal issues to be concerned about when accepting payments via Google Wallet or other digital wallets?,1
Do I need a lawyer to handle legal issues related to international business law?,1
What legal issues should I be concerned about when creating a lease agreement?,1
"Is it important to have a lawyer review a software development agreement, and what legal issues might arise if I don't?",1
What legal issues should I be worried about when investing in a real estate investment group (REIG)?,1
Are there any legal issues to be concerned about when accepting donations for a political campaign?,1
Do I need a lawyer to handle legal issues related to franchise law?,1
What legal issues should I be concerned about when creating a promissory note?,1
"Is it important to have a lawyer review a social media policy, and what legal issues might arise if I don't?",1
What legal issues should I be worried about when investing in a real estate syndicate?,1
Are there any legal issues to be concerned about when accepting payments via Zelle or other peer-to-peer payment apps?,1
Do I need a lawyer to handle legal issues related to labor law?,1
What legal issues should I be concerned about when creating an operating agreement for a limited liability company (LLC)?,1
"Is it important to have a lawyer review a website copyright notice, and what legal issues might arise if I don't?",1
What legal issues should I be worried about when investing in a crowdfunding campaign?,1
Are there any legal issues to be concerned about when accepting donations for a civic organization?,1
Do I need a lawyer to handle legal issues related to consumer protection law?,1
What legal issues should I be concerned about when creating a non-compete agreement?,1
"Is it important to have a lawyer review a website accessibility policy, and what legal issues might arise if I don't?",1
What legal issues should I be worried about when investing in a real estate investment trust (REIG)?,1
Are there any legal issues to be concerned about when accepting payments via Square or other payment processing services?,1
Do I need a lawyer to handle legal issues related to health care law?,1
What legal issues should I be concerned about when creating a vendor agreement?,1
"Is it important to have a lawyer review a website terms of use, and what legal issues might arise if I don't?",1
What legal issues should I be worried about when investing in a real estate mortgage investment trust (REMIT)?,1
Are there any legal issues to be concerned about when accepting donations for a private foundation?,1
Do I need a lawyer to handle legal issues related to employment contracts?,1
What legal issues should I be concerned about when creating a licensing agreement?,1
"Is it important to have a lawyer review a website affiliate agreement, and what legal issues might arise if I don't?",1
What legal issues should I be worried about when investing in a real estate investment partnership (REIP)?,1
Are there any legal issues to be concerned about when accepting payments via Stripe or other payment processing services?,1
Do I need a lawyer to handle legal issues related to business formation?,1
What legal issues should I be concerned about when creating a memorandum of understanding?,1
"Is it important to have a lawyer review a website comment policy, and what legal issues might arise if I don't?",1
What legal issues should I be worried about when investing in a real estate development partnership (REDP)?,1
Are there any legal issues to be concerned about when accepting donations for a religious foundation?,1
Do I need a lawyer to handle legal issues related to international trade law?,1
What legal issues should I be concerned about when creating a shareholder agreement?,1
"Is it important to have a lawyer review a website privacy policy, and what legal issues might arise if I don't?",1
What legal issues should I be worried about when investing in a real estate investment fund (REIF)?,1
Are there any legal issues to be concerned about when accepting payments via PayPal or other payment processing services?,1
Do I need a lawyer to handle legal issues related to intellectual property law?,1
What legal issues should I be concerned about when creating a software license agreement?,1
"Is it important to have a lawyer review a website user agreement, and what legal issues might arise if I don't?",1
What legal issues should I be worried about when investing in a real estate investment club (REIC)?,1
Are there any legal issues to be concerned about when accepting donations for a charitable organization?,1
Do I need a lawyer to handle legal issues related to bankruptcy law?,1
What legal issues should I be concerned about when creating an employment agreement?,1
"Is it important to have a lawyer review a website disclaimer, and what legal issues might arise if I don't?",1
What legal issues should I be worried about when investing in a real estate exchange-traded fund (REETF)?,1
Are there any legal issues to be concerned about when accepting payments via Venmo or other payment processing services?,1
Do I need a lawyer to handle legal issues related to estate planning?,1
What legal issues should I be concerned about when creating a joint venture agreement?,1
"Is it important to have a lawyer review a website terms and conditions, and what legal issues might arise if I don't?",1
What legal issues should I be worried about when investing in a real estate opportunity fund (REOF)?,1
Are there any legal issues to be concerned about when accepting donations for a political action committee (PAC)?,1
Do I need a lawyer to handle legal issues related to family law?,1
What legal issues should I be concerned about when creating a partnership agreement?,1
"Is it important to have a lawyer review a website cookie policy, and what legal issues might arise if I don't?",1
What legal issues should I be worried about when investing in a real estate investment vehicle (REIV)?,1
Are there any legal issues to be concerned about when accepting payments via WeChat Pay or other payment processing services?,1
Do I need a lawyer to handle legal issues related to immigration law?,1
What legal issues should I be concerned about when creating a sales agreement?,1
"Is it important to have a lawyer review a website linking policy, and what legal issues might arise if I don't?",1
What legal issues should I be worried about when investing in a real estate opportunity zone fund (REOZF)?,1
Are there any legal issues to be concerned about when accepting donations for a non-profit organization?,1
Do I need a lawyer to handle legal issues related to personal injury law?,1
What legal issues should I be concerned about when creating a severance agreement?,1
"Is it important to have a lawyer review a website advertising policy, and what legal issues might arise if I don't?",1
What legal issues should I be worried about when investing in a real estate investment company (REIC)?,1
Are there any legal issues to be concerned about when accepting payments via Amazon Pay or other payment processing services?,1
What legal issues should I be worried about when investing in a real estate private equity fund (REPE)?,1
Are there any legal issues to be concerned about when accepting donations for a religious organization?,1
Do I need a lawyer to handle legal issues related to environmental law?,1
What legal issues should I be concerned about when creating a licensing agreement for a product?,1
"Is it important to have a lawyer review a website refund policy, and what legal issues might arise if I don't?",1
What legal issues should I be worried about when investing in a real estate development company (REDCO)?,1
Are there any legal issues to be concerned about when accepting payments via Square or other payment processing services?,1
Do I need a lawyer to handle legal issues related to employment law?,1
What legal issues should I be concerned about when creating a subcontractor agreement?,1
"Is it important to have a lawyer review a website user-generated content policy, and what legal issues might arise if I don't?",1
What legal issues should I be worried about when investing in a real estate mezzanine fund (REMF)?,1
Are there any legal issues to be concerned about when accepting donations for a social welfare organization?,1
Do I need a lawyer to handle legal issues related to healthcare law?,1
What legal issues should I be concerned about when creating a non-disclosure agreement (NDA)?,1
"Is it important to have a lawyer review a website terms of use, and what legal issues might arise if I don't?",1
What legal issues should I be worried about when investing in a real estate investment trust (REIT)?,1
Are there any legal issues to be concerned about when accepting payments via Stripe or other payment processing services?,1
Do I need a lawyer to handle legal issues related to immigration law?,1
What legal issues should I be concerned about when creating a software development agreement?,1
"Is it important to have a lawyer review a website community guidelines policy, and what legal issues might arise if I don't?",1
What legal issues should I be worried about when investing in a real estate crowdfunding platform?,1
Are there any legal issues to be concerned about when accepting donations for a charitable trust?,1
Do I need a lawyer to handle legal issues related to labor law?,1
What legal issues should I be concerned about when creating a website terms of service agreement?,1
"Is it important to have a lawyer review a website comments policy, and what legal issues might arise if I don't?",1
What legal issues should I be worried about when investing in a real estate syndication?,1
Are there any legal issues to be concerned about when accepting payments via Google Pay or other payment processing services?,1
Do I need a lawyer to handle legal issues related to product liability law?,1
What legal issues should I be concerned about when creating a consulting agreement?,1
"Is it important to have a lawyer review a website affiliate policy, and what legal issues might arise if I don't?",1
What legal issues should I be worried about when investing in a real estate hedge fund (REHF)?,1
Are there any legal issues to be concerned about when accepting donations for a political campaign?,1
Do I need a lawyer to handle legal issues related to real estate law?,1
What legal issues should I be concerned about when creating an independent contractor agreement?,1
What legal issues should I be worried about when investing in a private placement offering?,1
Are there any legal issues to be concerned about when accepting payments via PayPal or other payment processing services?,1
Do I need a lawyer to handle legal issues related to intellectual property law?,1
What legal issues should I be concerned about when creating a joint venture agreement?,1
"Is it important to have a lawyer review a website privacy policy, and what legal issues might arise if I don't?",1
What legal issues should I be worried about when investing in a private equity fund (PE)?,1
Are there any legal issues to be concerned about when accepting donations for a political action committee (PAC)?,1
Do I need a lawyer to handle legal issues related to estate planning and probate law?,1
What legal issues should I be concerned about when creating a vendor agreement?,1
"Is it important to have a lawyer review a website copyright policy, and what legal issues might arise if I don't?",1
What legal issues should I be worried about when investing in a hedge fund?,1
Are there any legal issues to be concerned about when accepting payments via Venmo or other payment processing services?,1
Do I need a lawyer to handle legal issues related to international law?,1
What legal issues should I be concerned about when creating a software license agreement?,1
"Is it important to have a lawyer review a website disclaimer, and what legal issues might arise if I don't?",1
What legal issues should I be worried about when investing in a venture capital fund (VC)?,1
Are there any legal issues to be concerned about when accepting donations for a trade association?,1
Do I need a lawyer to handle legal issues related to securities law?,1
What legal issues should I be concerned about when creating a partnership agreement?,1
"Is it important to have a lawyer review a website accessibility policy, and what legal issues might arise if I don't?",1
What legal issues should I be worried about when investing in a private debt fund (PDF)?,1
Are there any legal issues to be concerned about when accepting payments via Apple Pay or other payment processing services?,1
Do I need a lawyer to handle legal issues related to antitrust law?,1
What legal issues should I be concerned about when creating a product distribution agreement?,1
"Is it important to have a lawyer review a website data retention policy, and what legal issues might arise if I don't?",1
What legal issues should I be worried about when investing in a real estate opportunity fund (REOF)?,1
Are there any legal issues to be concerned about when accepting donations for a charitable foundation?,1
Do I need a lawyer to handle legal issues related to bankruptcy law?,1
What legal issues should I be concerned about when creating a software development services agreement?,1
"Is it important to have a lawyer review a website age restriction policy, and what legal issues might arise if I don't?",1
What legal issues should I be worried about when investing in a real estate joint venture (REJV)?,1
Are there any legal issues to be concerned about when accepting payments via Amazon Pay or other payment processing services?,1
Do I need a lawyer to handle legal issues related to insurance law?,1
What legal issues should I be concerned about when creating an asset purchase agreement?,1
"Is it important to have a lawyer review a website moderation policy, and what legal issues might arise if I don't?",1
What legal issues should I be concerned about when buying or selling a franchise?,1
"Is it important to have a lawyer review a website terms of service agreement, and what legal issues might arise if I don't?",1
What legal issues should I be worried about when investing in a mutual fund?,1
Are there any legal issues to be concerned about when accepting payments via Square or other payment processing services?,1
Do I need a lawyer to handle legal issues related to employment law?,1
What legal issues should I be concerned about when creating a software support and maintenance agreement?,1
"Is it important to have a lawyer review a website privacy shield policy, and what legal issues might arise if I don't?",1
What legal issues should I be worried about when investing in a real estate investment trust (REIT)?,1
Are there any legal issues to be concerned about when accepting donations for a nonprofit organization?,1
Do I need a lawyer to handle legal issues related to immigration law?,1
What legal issues should I be concerned about when creating a consulting services agreement?,1
"Is it important to have a lawyer review a website cookie policy, and what legal issues might arise if I don't?",1
What legal issues should I be worried about when investing in a master limited partnership (MLP)?,1
Are there any legal issues to be concerned about when accepting payments via Google Pay or other payment processing services?,1
Do I need a lawyer to handle legal issues related to tax law?,1
What legal issues should I be concerned about when creating a manufacturing services agreement?,1
"Is it important to have a lawyer review a website content policy, and what legal issues might arise if I don't?",1
What legal issues should I be worried about when investing in a real estate crowdfunding platform?,1
Are there any legal issues to be concerned about when accepting donations for a religious organization?,1
Do I need a lawyer to handle legal issues related to environmental law?,1
What legal issues should I be concerned about when creating a website user agreement?,1
"Is it important to have a lawyer review a website community guidelines policy, and what legal issues might arise if I don't?",1
What legal issues should I be worried about when investing in a real estate development project?,1
Are there any legal issues to be concerned about when accepting payments via Zelle or other payment processing services?,1
Do I need a lawyer to handle legal issues related to labor law?,1
What legal issues should I be concerned about when creating a consulting services master agreement?,1
"Is it important to have a lawyer review a website social media policy, and what legal issues might arise if I don't?",1
What legal issues should I be worried about when investing in a renewable energy project?,1
Are there any legal issues to be concerned about when accepting donations for a political campaign?,1
Do I need a lawyer to handle legal issues related to education law?,1
What legal issues should I be concerned about when creating a marketing services agreement?,1
"Is it important to have a lawyer review a website user-generated content policy, and what legal issues might arise if I don't?",1
What legal issues should I be worried about when investing in a peer-to-peer lending platform?,1
Are there any legal issues to be concerned about when accepting payments via Stripe or other payment processing services?,1
Do I need a lawyer to handle legal issues related to social security law?,1
"Is it important to have a lawyer review a website trademark policy, and what legal issues might arise if I don't?",1
What legal issues should I be worried about when investing in a limited liability company (LLC)?,1
Are there any legal issues to be concerned about when accepting donations for a charity organization?,1
Do I need a lawyer to handle legal issues related to bankruptcy law?,1
What legal issues should I be concerned about when creating a licensing agreement?,1
"Is it important to have a lawyer review a website affiliate marketing policy, and what legal issues might arise if I don't?",1
What legal issues should I be worried about when investing in a hedge fund?,1
Are there any legal issues to be concerned about when accepting payments via PayPal or other payment processing services?,1
Do I need a lawyer to handle legal issues related to intellectual property law?,1
What legal issues should I be concerned about when creating a software development agreement?,1
"Is it important to have a lawyer review a website copyright policy, and what legal issues might arise if I don't?",1
What legal issues should I be worried about when investing in a venture capital fund?,1
Are there any legal issues to be concerned about when accepting donations for a medical research foundation?,1
Do I need a lawyer to handle legal issues related to family law?,1
What legal issues should I be concerned about when creating a software licensing agreement?,1
"Is it important to have a lawyer review a website affiliate disclosure policy, and what legal issues might arise if I don't?",1
What legal issues should I be worried about when investing in a private equity fund?,1
Are there any legal issues to be concerned about when accepting payments via Venmo or other payment processing services?,1
Do I need a lawyer to handle legal issues related to consumer protection law?,1
What legal issues should I be concerned about when creating a service level agreement?,1
"Is it important to have a lawyer review a website disclaimers policy, and what legal issues might arise if I don't?",1
What legal issues should I be worried about when investing in a real estate limited partnership (RELP)?,1
Are there any legal issues to be concerned about when accepting donations for a cultural organization?,1
Do I need a lawyer to handle legal issues related to civil rights law?,1
What legal issues should I be concerned about when creating a partnership agreement?,1
"Is it important to have a lawyer review a website DMCA policy, and what legal issues might arise if I don't?",1
What legal issues should I be worried about when investing in a real estate mortgage investment conduit (REMIC)?,1
Are there any legal issues to be concerned about when accepting payments via WeChat Pay or other payment processing services?,1
Do I need a lawyer to handle legal issues related to international law?,1
What legal issues should I be concerned about when creating a website commenting policy?,1
"Is it important to have a lawyer review a website terms of use agreement, and what legal issues might arise if I don't?",1
What legal issues should I be worried about when investing in a real estate investment company (REIC)?,1
Are there any legal issues to be concerned about when accepting donations for a wildlife conservation organization?,1
Do I need a lawyer to handle legal issues related to immigration and citizenship law?,1
What legal issues should I be concerned about when creating a website moderation policy?,1
What legal actions can be taken in case of an emergency situation?,1
What constitutes an urgent legal matter?,1
What are the consequences of not responding to a serious legal matter?,1
How can a severe legal issue be resolved?,1
What legal steps can be taken to prevent an imminent danger?,1
Can legal action be taken against someone who creates a dangerous situation?,1
What legal recourse is available in case of a medical emergency?,1
Can an urgent legal matter be resolved through mediation?,1
How does the law define a serious threat to public safety?,1
What legal responsibilities do employers have in emergency situations?,1
Can legal action be taken against a person who causes a severe accident?,1
What legal options are available in case of an imminent natural disaster?,1
How can a dangerous product be recalled under the law?,1
What legal action can be taken in case of a serious health issue?,1
Can a person be held legally responsible for failing to respond to an urgent matter?,1
What legal steps can be taken to prevent a serious environmental hazard?,1
How can a severe legal dispute be resolved without going to court?,1
What are the legal consequences of ignoring an imminent threat to public safety?,1
Can a dangerous individual be legally detained before they cause harm?,1
What legal action can be taken in case of an emergency evacuation?,1
Can a serious criminal offense be reduced to a lesser charge in emergency circumstances?,1
What legal obligations do hospitals have in case of a serious health crisis?,1
How can an imminent workplace hazard be reported under the law?,1
What legal recourse is available in case of a severe animal attack?,1
Can legal action be taken against a person who creates a dangerous driving situation?,1
What legal steps can be taken to prevent a serious cybersecurity breach?,1
How can a severe breach of contract be resolved under the law?,1
What are the legal consequences of failing to respond to an urgent legal notice?,1
Can a person be held legally responsible for failing to act in an emergency situation?,1
What legal options are available in case of an imminent terrorist attack?,1
Can legal action be taken against a person who creates a dangerous working environment?,1
How can a serious medical malpractice case be resolved under the law?,1
What legal recourse is available in case of a severe foodborne illness outbreak?,1
Can an urgent legal matter be resolved through arbitration?,1
What legal steps can be taken to prevent a serious workplace accident?,1
How can a dangerous building be condemned under the law?,1
What are the legal consequences of ignoring an imminent threat to national security?,1
Can a dangerous individual be legally required to undergo psychiatric evaluation?,1
What legal action can be taken in case of a serious natural disaster?,1
How can a severe breach of fiduciary duty be resolved under the law?,1
What legal options are available in case of an imminent pandemic?,1
Can legal action be taken against a person who creates a dangerous product?,1
How can a serious breach of privacy be resolved under the law?,1
What are the legal consequences of failing to respond to an urgent health warning?,1
Can a person be held legally responsible for causing a severe environmental disaster?,1
What legal steps can be taken to prevent a serious aviation accident?,1
How can a dangerous chemical be regulated under the law?,1
What legal recourse is available in case of a severe workplace injury?,1
Can an urgent legal matter be resolved through negotiation?,1
How can a severe breach of contract be prevented under the law?,1
What legal options are available in case of an imminent cyber attack?,1
How does the law define a dangerous weapon?,1
What legal recourse is available in case of an urgent eviction?,1
Can legal action be taken against a person who creates a serious pollution issue?,1
What legal steps can be taken to prevent an imminent act of terrorism?,1
How can a severe breach of trust be resolved under the law?,1
What are the legal consequences of failing to respond to an emergency medical call?,1
Can an urgent legal matter be resolved through a temporary restraining order?,1
What legal options are available in case of a serious public health crisis?,1
How can a dangerous animal be legally restrained under the law?,1
Can legal action be taken against a person who creates a serious fire hazard?,1
What legal steps can be taken to prevent an imminent cybersecurity attack?,1
How can a severe breach of confidentiality be resolved under the law?,1
What are the legal consequences of ignoring an urgent safety warning?,1
Can a person be held legally responsible for causing a serious workplace fire?,1
What legal recourse is available in case of a severe transportation accident?,1
How can a dangerous building be made safe under the law?,1
What legal options are available in case of an imminent chemical spill?,1
Can legal action be taken against a person who creates a serious workplace hazard?,1
What legal steps can be taken to prevent an imminent act of violence?,1
How can a severe breach of intellectual property be resolved under the law?,1
What are the legal consequences of failing to respond to an urgent legal deadline?,1
Can a dangerous individual be legally restrained before they cause harm?,1
What legal recourse is available in case of a severe construction accident?,1
How can an urgent legal matter be resolved through a temporary injunction?,1
What legal options are available in case of a serious transportation security threat?,1
Can legal action be taken against a person who creates a dangerous healthcare situation?,1
What legal steps can be taken to prevent an imminent environmental disaster?,1
How can a severe breach of duty be resolved under the law?,1
What are the legal consequences of ignoring an urgent medical need?,1
Can a person be held legally responsible for failing to report a serious crime?,1
What legal recourse is available in case of a severe water contamination issue?,1
How can a dangerous product be recalled under the law?,1
What legal options are available in case of an imminent nuclear threat?,1
Can legal action be taken against a person who creates a serious workplace discrimination issue?,1
What legal steps can be taken to prevent an imminent security breach?,1
How can a severe breach of contract be resolved through arbitration?,1
What are the legal consequences of ignoring an urgent legal request?,1
Can a dangerous individual be legally required to undergo rehabilitation?,1
What legal recourse is available in case of a severe aviation accident?,1
How can an urgent legal matter be resolved through an emergency appeal?,1
What legal options are available in case of a serious food contamination issue?,1
Can legal action be taken against a person who creates a serious public safety threat?,1
What legal steps can be taken to prevent an imminent workplace violence situation?,1
How can a severe breach of confidentiality be prevented under the law?,1
What are the legal consequences of failing to respond to a serious emergency situation?,1
Can a person be held legally responsible for causing a severe transportation security breach?,1
What legal recourse is available in case of a dangerous workplace harassment issue?,1
What legal recourse is available in case of a serious cybersecurity breach?,1
Can legal action be taken against a person who creates a dangerous pedestrian situation?,1
What legal steps can be taken to prevent an imminent medical malpractice situation?,1
How can a severe breach of contract be resolved through mediation?,1
What are the legal consequences of ignoring an urgent safety violation?,1
Can a dangerous individual be legally required to undergo psychological evaluation?,1
What legal recourse is available in case of a severe maritime accident?,1
How can an urgent legal matter be resolved through an emergency motion?,1
What legal options are available in case of a serious animal cruelty issue?,1
Can legal action be taken against a person who creates a dangerous roadway condition?,1
What legal steps can be taken to prevent an imminent fire hazard?,1
How can a severe breach of trust be prevented under the law?,1
What are the legal consequences of failing to respond to a serious legal dispute?,1
Can a person be held legally responsible for causing a serious workplace injury?,1
What legal recourse is available in case of a severe environmental contamination issue?,1
How can a dangerous machine be made safe under the law?,1
What legal options are available in case of an imminent natural disaster?,1
Can legal action be taken against a person who creates a dangerous electrical situation?,1
What legal steps can be taken to prevent an imminent workplace harassment situation?,1
How can a severe breach of intellectual property be prevented under the law?,1
What are the legal consequences of ignoring an urgent medical emergency?,1
Can a dangerous individual be legally required to undergo drug testing?,1
What legal recourse is available in case of a severe railway accident?,1
How can an urgent legal matter be resolved through an ex parte order?,1
What legal options are available in case of a serious pollution issue?,1
Can legal action be taken against a person who creates a dangerous aviation situation?,1
What legal steps can be taken to prevent an imminent cybersecurity threat?,1
How can a severe breach of confidentiality be prevented under the law?,1
What are the legal consequences of failing to respond to a serious emergency call?,1
Can a person be held legally responsible for causing a severe water contamination issue?,1
What legal recourse is available in case of a serious workplace discrimination issue?,1
How can a dangerous product be made safe under the law?,1
What legal options are available in case of an imminent terrorist threat?,1
Can legal action be taken against a person who creates a dangerous healthcare situation?,1
What legal steps can be taken to prevent an imminent environmental hazard?,1
How can a severe breach of duty be prevented under the law?,1
What are the legal consequences of ignoring an urgent safety issue?,1
Can a dangerous individual be legally required to undergo anger management therapy?,1
What legal recourse is available in case of a severe pipeline accident?,1
How can an urgent legal matter be resolved through a temporary order of protection?,1
What legal options are available in case of a serious workplace safety violation?,1
Can legal action be taken against a person who creates a dangerous shipping situation?,1
What legal steps can be taken to prevent an imminent workplace accident?,1
How can a severe breach of contract be prevented through negotiation?,1
What are the legal consequences of failing to respond to a serious legal complaint?,1
Can a person be held legally responsible for causing a severe transportation accident?,1
What legal recourse is available in case of a serious workplace harassment situation?,1
Can legal action be taken against a person who creates a dangerous boating situation?,1
What legal steps can be taken to prevent an imminent food safety hazard?,1
How can a severe breach of privacy be prevented under the law?,1
What are the legal consequences of ignoring an urgent employment discrimination issue?,1
Can a dangerous individual be legally required to undergo counseling?,1
What legal recourse is available in case of a serious nuclear accident?,1
How can an urgent legal matter be resolved through a motion for summary judgment?,1
What legal options are available in case of a serious animal attack?,1
Can legal action be taken against a person who creates a dangerous construction site?,1
What legal steps can be taken to prevent an imminent workplace violence situation?,1
How can a severe breach of fiduciary duty be resolved through arbitration?,1
What are the legal consequences of failing to respond to a serious medical emergency?,1
Can a person be held legally responsible for causing a severe air pollution issue?,1
What legal recourse is available in case of a serious product liability issue?,1
How can a dangerous situation in a public place be resolved under the law?,1
What legal options are available in case of an imminent cyberattack?,1
Can legal action be taken against a person who creates a dangerous medical situation?,1
What legal steps can be taken to prevent an imminent workplace discrimination situation?,1
How can a severe breach of confidentiality be resolved through a cease and desist order?,1
What are the legal consequences of ignoring an urgent child protection issue?,1
Can a dangerous individual be legally required to undergo anger management therapy?,1
What legal recourse is available in case of a serious oil spill?,1
How can an urgent legal matter be resolved through a motion for a temporary restraining order?,1
What legal options are available in case of a serious workplace accident involving hazardous materials?,1
Can legal action be taken against a person who creates a dangerous transportation situation?,1
What legal steps can be taken to prevent an imminent workplace harassment situation involving sexual misconduct?,1
How can a severe breach of contract be resolved through litigation?,1
What are the legal consequences of failing to respond to a serious environmental emergency?,1
Can a person be held legally responsible for causing a severe noise pollution issue?,1
What legal recourse is available in case of a serious workplace retaliation situation?,1
How can a dangerous defective product be recalled under the law?,1
What legal options are available in case of an imminent natural disaster affecting private property?,1
Can legal action be taken against a person who creates a dangerous aviation situation involving drones?,1
What legal steps can be taken to prevent an imminent workplace injury situation?,1
How can a severe breach of trust be resolved through a settlement agreement?,1
What are the legal consequences of ignoring an urgent cyber threat?,1
Can a dangerous individual be legally required to undergo drug and alcohol testing?,1
What legal recourse is available in case of a serious workplace safety violation involving hazardous conditions?,1
How can an urgent legal matter be resolved through a motion to dismiss?,1
What legal options are available in case of a serious maritime disaster?,1
Can legal action be taken against a person who creates a dangerous amusement park ride situation?,1
What legal steps can be taken to prevent an imminent workplace harassment situation involving age discrimination?,1
How can a severe breach of non-disclosure be prevented under the law?,1
What legal recourse is available in case of a serious breach of fiduciary duty?,1
Can legal action be taken against a person who creates a dangerous pesticide situation?,1
What legal steps can be taken to prevent an imminent workplace harassment situation involving disability discrimination?,1
How can a severe breach of trade secret be resolved through a protective order?,1
What are the legal consequences of ignoring an urgent safety issue in a nuclear power plant?,1
Can a dangerous individual be legally required to undergo mental health evaluation?,1
What legal recourse is available in case of a serious workplace safety violation involving fall hazards?,1
How can an urgent legal matter be resolved through a motion for a preliminary injunction?,1
What legal options are available in case of a serious transportation accident?,1
Can legal action be taken against a person who creates a dangerous situation involving fireworks?,1
What legal steps can be taken to prevent an imminent workplace harassment situation involving race discrimination?,1
How can a severe breach of copyright be resolved through a permanent injunction?,1
What are the legal consequences of failing to respond to an urgent medical emergency?,1
Can a person be held legally responsible for causing a severe light pollution issue?,1
What legal recourse is available in case of a serious workplace safety violation involving machinery hazards?,1
How can a dangerous consumer product be recalled under the law?,1
What are the legal consequences of ignoring an urgent safety issue in a nuclear power plant?,1
Can a dangerous individual be legally required to undergo mental health evaluation?,1
What legal recourse is available in case of a serious workplace safety violation involving fall hazards?,1
How can an urgent legal matter be resolved through a motion for a preliminary injunction?,1
What legal options are available in case of a serious transportation accident?,1
Can legal action be taken against a person who creates a dangerous situation involving fireworks?,1
What legal steps can be taken to prevent an imminent workplace harassment situation involving race discrimination?,1
How can a severe breach of copyright be resolved through a permanent injunction?,1
What are the legal consequences of failing to respond to an urgent medical emergency?,1
Can a person be held legally responsible for causing a severe light pollution issue?,1
What legal recourse is available in case of a serious workplace safety violation involving machinery hazards?,1
How can a dangerous consumer product be recalled under the law?,1
What legal options are available in case of an imminent terrorist attack?,1
Can legal action be taken against a person who creates a dangerous situation involving explosives?,1
What legal steps can be taken to prevent an imminent workplace harassment situation involving gender discrimination?,1
How can a severe breach of contract be resolved through a breach of contract claim?,1
What are the legal consequences of ignoring an urgent workplace safety issue involving electrical hazards?,1
Can a dangerous individual be legally required to undergo rehabilitation for substance abuse?,1
What legal recourse is available in case of a serious workplace safety violation involving fall protection?,1
How can an urgent legal matter be resolved through a motion to compel discovery?,1
What legal options are available in case of a serious aviation accident?,1
Can legal action be taken against a person who creates a dangerous situation involving hazardous waste?,1
What legal steps can be taken to prevent an imminent workplace harassment situation involving national origin discrimination?,1
How can a severe breach of non-compete be resolved through a non-compete agreement?,1
What are the legal consequences of failing to respond to an urgent safety issue in a chemical plant?,1
Can a person be held legally responsible for causing a severe odor pollution issue?,1
What legal recourse is available in case of a serious workplace safety violation involving respiratory hazards?,1
How can a dangerous pharmaceutical product be recalled under the law?,1
What legal options are available in case of an imminent cyberterrorism attack?,1
Can legal action be taken against a person who creates a dangerous situation involving flammable materials?,1
What legal steps can be taken to prevent an imminent workplace harassment situation involving sexual orientation discrimination?,1
How can a severe breach of confidentiality be resolved through a confidentiality agreement?,1
What are the legal consequences of ignoring an urgent workplace safety issue involving chemical hazards?,1
Can a dangerous individual be legally required to undergo rehabilitation for gambling addiction?,1
What legal recourse is available in case of a serious workplace safety violation involving noise hazards?,1
How can an urgent legal matter be resolved through a motion for default judgment?,1
What legal options are available in case of a serious maritime accident?,1
Can legal action be taken against a person who creates a dangerous situation involving toxic chemicals?,1
What legal steps can be taken to prevent an imminent workplace harassment situation involving age discrimination?,1
How can a severe breach of patent be resolved through a patent infringement claim?,1
Can legal action be taken against a person who creates a dangerous situation involving carbon monoxide?,1
What legal steps can be taken to prevent an imminent workplace harassment situation involving religious discrimination?,1
How can a severe breach of fiduciary duty be resolved through a breach of fiduciary duty claim?,1
What are the legal consequences of failing to respond to an emergency situation in a nursing home?,1
Can a person be held legally responsible for causing a severe noise pollution issue?,1
What legal recourse is available in case of a serious workplace safety violation involving electrical safety?,1
How can a dangerous pesticide be recalled under the law?,1
What legal options are available in case of an imminent cyberattack?,1
Can legal action be taken against a person who creates a dangerous situation involving hazardous gases?,1
What legal steps can be taken to prevent an imminent workplace harassment situation involving disability discrimination?,1
How can a severe breach of warranty be resolved through a breach of warranty claim?,1
What are the legal consequences of ignoring an urgent safety issue in a hospital setting?,1
Can a dangerous individual be legally required to undergo rehabilitation for sex addiction?,1
What legal recourse is available in case of a serious workplace safety violation involving fire safety?,1
How can an urgent legal matter be resolved through a motion to dismiss?,1
What legal options are available in case of a serious construction accident?,1
Can legal action be taken against a person who creates a dangerous situation involving hazardous materials?,1
What legal steps can be taken to prevent an imminent workplace harassment situation involving pregnancy discrimination?,1
How can a severe breach of trade secrets be resolved through a misappropriation of trade secrets claim?,1
What are the legal consequences of failing to respond to an emergency situation in a school setting?,1
Can a person be held legally responsible for causing a severe visual pollution issue?,1
What legal recourse is available in case of a serious workplace safety violation involving chemical safety?,1
How can a dangerous food product be recalled under the law?,1
What legal options are available in case of an imminent mass shooting?,1
Can legal action be taken against a person who creates a dangerous situation involving radioactive materials?,1
What legal steps can be taken to prevent an imminent workplace harassment situation involving sexual harassment?,1
How can a severe breach of partnership agreement be resolved through a breach of partnership claim?,1
What are the legal consequences of ignoring an urgent safety issue in a construction site?,1
Can a dangerous individual be legally required to undergo rehabilitation for internet addiction?,1
What legal recourse is available in case of a serious workplace safety violation involving machine safety?,1
How can an urgent legal matter be resolved through a motion for summary judgment?,1
What legal options are available in case of a serious mining accident?,1
Can legal action be taken against a person who creates a dangerous situation involving biohazards?,1
What legal steps can be taken to prevent an imminent workplace harassment situation involving gender identity discrimination?,1
How can a severe breach of confidentiality be resolved through a breach of confidentiality claim?,1
What are the legal consequences of failing to respond to an emergency situation in a daycare setting?,1
Can a person be held legally responsible for causing a severe air pollution issue?,1
What legal recourse is available in case of a serious workplace safety violation involving fall prevention?,1
Can legal action be taken against a person who creates a dangerous situation involving explosive materials?,1
What legal steps can be taken to prevent an imminent workplace harassment situation involving racial discrimination?,1
How can a severe breach of contract be resolved through a breach of contract claim?,1
What are the legal consequences of ignoring an urgent safety issue in a transportation setting?,1
Can a dangerous individual be legally required to undergo rehabilitation for gambling addiction?,1
What legal recourse is available in case of a serious workplace safety violation involving fall protection?,1
How can an urgent legal matter be resolved through a motion to compel?,1
What legal options are available in case of a serious aviation accident?,1
Can legal action be taken against a person who creates a dangerous situation involving asbestos?,1
What legal steps can be taken to prevent an imminent workplace harassment situation involving age discrimination?,1
How can a severe breach of duty of loyalty be resolved through a breach of duty of loyalty claim?,1
What are the legal consequences of failing to respond to an emergency situation in a hotel setting?,1
Can a person be held legally responsible for causing a severe light pollution issue?,1
What legal recourse is available in case of a serious workplace safety violation involving equipment safety?,1
How can a dangerous cosmetic product be recalled under the law?,1
What legal options are available in case of an imminent natural disaster?,1
Can legal action be taken against a person who creates a dangerous situation involving mold?,1
What legal steps can be taken to prevent an imminent workplace harassment situation involving national origin discrimination?,1
How can a severe breach of non-disclosure agreement be resolved through a breach of non-disclosure agreement claim?,1
What are the legal consequences of ignoring an urgent safety issue in a retail setting?,1
Can a dangerous individual be legally required to undergo rehabilitation for substance abuse?,1
What legal recourse is available in case of a serious workplace safety violation involving respiratory protection?,1
How can an urgent legal matter be resolved through a temporary restraining order?,1
What legal options are available in case of a serious maritime accident?,1
Can legal action be taken against a person who creates a dangerous situation involving lead?,1
What legal steps can be taken to prevent an imminent workplace harassment situation involving sexual orientation discrimination?,1
How can a severe breach of trademark be resolved through a trademark infringement claim?,1
What are the legal consequences of failing to respond to an emergency situation in a sports venue?,1
Can a person be held legally responsible for causing a severe water pollution issue?,1
What legal recourse is available in case of a serious workplace safety violation involving lockout/tagout?,1
How can a dangerous medical device be recalled under the law?,1
What legal options are available in case of an imminent terrorist attack?,1
Can legal action be taken against a person who creates a dangerous situation involving mercury?,1
What legal steps can be taken to prevent an imminent workplace harassment situation involving color discrimination?,1
How can a severe breach of duty of care be resolved through a breach of duty of care claim?,1
What are the legal consequences of ignoring an urgent safety issue in a restaurant setting?,1
Can a dangerous individual be legally required to undergo rehabilitation for alcohol addiction?,1
What legal recourse is available in case of a serious workplace safety violation involving hazardous energy control?,1
Can legal action be taken against a person who creates a dangerous situation involving pesticides?,1
What legal steps can be taken to prevent an imminent workplace harassment situation involving gender identity discrimination?,1
How can a severe breach of contract be resolved through a claim for specific performance?,1
What are the legal consequences of ignoring an urgent safety issue in a mining setting?,1
Can a dangerous individual be legally required to undergo rehabilitation for mental health issues?,1
What legal recourse is available in case of a serious workplace safety violation involving electrical safety?,1
How can an urgent legal matter be resolved through a writ of habeas corpus?,1
What legal options are available in case of a serious nuclear accident?,1
Can legal action be taken against a person who creates a dangerous situation involving carbon monoxide?,1
What legal steps can be taken to prevent an imminent workplace harassment situation involving pregnancy discrimination?,1
How can a severe breach of confidentiality be resolved through a breach of confidentiality claim?,1
What are the legal consequences of failing to respond to an emergency situation in a concert venue?,1
Can a person be held legally responsible for causing a severe air pollution issue?,1
What legal recourse is available in case of a serious workplace safety violation involving machine guarding?,1
How can a dangerous food product be recalled under the law?,1
What legal options are available in case of an imminent nuclear attack?,1
Can legal action be taken against a person who creates a dangerous situation involving radiation?,1
What legal steps can be taken to prevent an imminent workplace harassment situation involving religious discrimination?,1
How can a severe breach of fiduciary duty be resolved through a breach of fiduciary duty claim?,1
What are the legal consequences of ignoring an urgent safety issue in a construction setting?,1
Can a dangerous individual be legally required to undergo rehabilitation for anger management?,1
What legal recourse is available in case of a serious workplace safety violation involving forklift safety?,1
How can an urgent legal matter be resolved through a motion for summary judgment?,1
What legal options are available in case of a serious oil spill?,1
Can legal action be taken against a person who creates a dangerous situation involving radon?,1
What legal steps can be taken to prevent an imminent workplace harassment situation involving disability discrimination?,1
How can a severe breach of partnership agreement be resolved through a breach of partnership agreement claim?,1
What are the legal consequences of failing to respond to an emergency situation in a amusement park?,1
Can a person be held legally responsible for causing a severe noise pollution issue?,1
What legal recourse is available in case of a serious workplace safety violation involving personal protective equipment?,1
How can a dangerous pharmaceutical product be recalled under the law?,1
What legal options are available in case of an imminent cyber attack?,1
Can legal action be taken against a person who creates a dangerous situation involving carbon dioxide?,1
What legal steps can be taken to prevent an imminent workplace harassment situation involving genetic discrimination?,1
How can a severe breach of trade secret be resolved through a claim for misappropriation of trade secrets?,1
What are the legal consequences of ignoring an urgent safety issue in a nursing home setting?,1
Can a dangerous individual be legally required to undergo rehabilitation for sex addiction?,1
What legal recourse is available in case of a serious workplace safety violation involving ergonomics?,1
Can legal action be taken against a person who creates a dangerous situation involving benzene exposure?,1
What legal steps can be taken to prevent an imminent workplace harassment situation involving age discrimination?,1
How can a severe breach of warranty be resolved through a breach of warranty claim?,1
What are the legal consequences of failing to report a serious emergency situation in a hospital setting?,1
Can a person be held legally responsible for causing a severe water pollution issue?,1
What legal recourse is available in case of a serious workplace safety violation involving respiratory protection?,1
How can a dangerous medical device be recalled under the law?,1
What legal options are available in case of an imminent terrorist attack?,1
Can legal action be taken against a person who creates a dangerous situation involving sulfur dioxide?,1
What legal steps can be taken to prevent an imminent workplace harassment situation involving sexual orientation discrimination?,1
How can a severe breach of contract be resolved through a claim for damages?,1
What are the legal consequences of ignoring an urgent safety issue in a manufacturing setting?,1
Can a dangerous individual be legally required to undergo rehabilitation for drug addiction?,1
What legal recourse is available in case of a serious workplace safety violation involving fall protection?,1
How can an urgent legal matter be resolved through a motion to dismiss?,1
What legal options are available in case of a serious chemical spill?,1
Can legal action be taken against a person who creates a dangerous situation involving sulfuric acid?,1
What legal steps can be taken to prevent an imminent workplace harassment situation involving race discrimination?,1
How can a severe breach of trust be resolved through a breach of trust claim?,1
What are the legal consequences of failing to respond to an emergency situation in a public transportation setting?,1
Can a person be held legally responsible for causing a severe light pollution issue?,1
What legal recourse is available in case of a serious workplace safety violation involving hazardous waste management?,1
How can a dangerous cosmetic product be recalled under the law?,1
What legal options are available in case of an imminent natural disaster?,1
Can legal action be taken against a person who creates a dangerous situation involving hydrochloric acid?,1
What legal steps can be taken to prevent an imminent workplace harassment situation involving national origin discrimination?,1
How can a severe breach of employment contract be resolved through a breach of employment contract claim?,1
What are the legal consequences of ignoring an urgent safety issue in a university setting?,1
Can a dangerous individual be legally required to undergo rehabilitation for alcohol addiction?,1
What legal recourse is available in case of a serious workplace safety violation involving noise exposure?,1
How can an urgent legal matter be resolved through a motion for reconsideration?,1
What legal options are available in case of a serious radiation leak?,1
Can legal action be taken against a person who creates a dangerous situation involving nitrogen dioxide?,1
What legal steps can be taken to prevent an imminent workplace harassment situation involving religious dress discrimination?,1
How can a severe breach of lease agreement be resolved through a breach of lease agreement claim?,1
What are the legal consequences of failing to report a serious emergency situation in a school setting?,1
Can a person be held legally responsible for causing a severe soil pollution issue?,1
What legal recourse is available in case of a serious workplace safety violation involving chemical exposure?,1
How can a dangerous toy product be recalled under the law?,1
Can legal action be taken against a person who creates a dangerous situation involving phosphoric acid?,1
What legal steps can be taken to prevent an imminent workplace harassment situation involving gender identity discrimination?,1
How can a severe breach of confidentiality be resolved through a breach of confidentiality claim?,1
What are the legal consequences of ignoring an urgent safety issue in a construction setting?,1
Can a dangerous individual be legally required to undergo rehabilitation for mental illness?,1
What legal recourse is available in case of a serious workplace safety violation involving electrical safety?,1
How can an urgent legal matter be resolved through a writ of mandamus?,1
What legal options are available in case of a serious oil spill?,1
Can legal action be taken against a person who creates a dangerous situation involving hydrofluoric acid?,1
What legal steps can be taken to prevent an imminent workplace harassment situation involving disability discrimination?,1
How can a severe breach of fiduciary duty be resolved through a breach of fiduciary duty claim?,1
What are the legal consequences of failing to respond to an emergency situation in a hotel setting?,1
Can a person be held legally responsible for causing a severe air pollution issue?,1
What legal recourse is available in case of a serious workplace safety violation involving chemical storage?,1
How can a dangerous food product be recalled under the law?,1
What legal options are available in case of an imminent cyber attack?,1
Can legal action be taken against a person who creates a dangerous situation involving hydrochloric acid gas?,1
What legal steps can be taken to prevent an imminent workplace harassment situation involving sexual harassment?,1
How can a severe breach of non-compete agreement be resolved through a breach of non-compete agreement claim?,1
What are the legal consequences of ignoring an urgent safety issue in a transportation setting?,1
Can a dangerous individual be legally required to undergo rehabilitation for sex addiction?,1
What legal recourse is available in case of a serious workplace safety violation involving chemical handling?,1
How can an urgent legal matter be resolved through a motion to suppress?,1
What legal options are available in case of a serious nuclear accident?,1
Can legal action be taken against a person who creates a dangerous situation involving carbon monoxide?,1
What legal steps can be taken to prevent an imminent workplace harassment situation involving racial harassment?,1
How can a severe breach of confidentiality be resolved through a breach of confidence claim?,1
What are the legal consequences of failing to report a serious emergency situation in a nursing home setting?,1
Can a person be held legally responsible for causing a severe water scarcity issue?,1
What legal recourse is available in case of a serious workplace safety violation involving heavy equipment operation?,1
How can a dangerous drug product be recalled under the law?,1
What legal options are available in case of an imminent terrorist threat?,1
Can legal action be taken against a person who creates a dangerous situation involving ammonia gas?,1
What legal steps can be taken to prevent an imminent workplace harassment situation involving transgender discrimination?,1
How can a severe breach of confidentiality be resolved through a breach of privacy claim?,1
What are the legal consequences of ignoring an urgent safety issue in a mining setting?,1
Can a dangerous individual be legally required to undergo rehabilitation for gambling addiction?,1
What legal recourse is available in case of a serious workplace safety violation involving fire safety?,1
What legal steps can be taken in case of a severe data breach involving personal information?,1
Can legal action be taken against a person who creates a dangerous situation involving a radioactive substance?,1
What legal options are available in case of an imminent natural disaster such as a hurricane or earthquake?,1
How can a serious breach of contract be resolved through a breach of contract claim?,1
Can a person be held legally responsible for causing a severe noise pollution issue?,1
What are the legal consequences of ignoring an urgent safety issue in a warehouse setting?,1
How can an urgent legal matter be resolved through a temporary restraining order?,1
What legal recourse is available in case of a serious workplace safety violation involving fall protection?,1
Can a dangerous individual be legally required to undergo rehabilitation for substance abuse?,1
What legal steps can be taken to prevent an imminent workplace harassment situation involving age discrimination?,1
How can a severe breach of confidentiality be resolved through a breach of contract claim?,1
What are the legal consequences of failing to provide urgent medical care in an emergency room setting?,1
Can a person be held legally responsible for causing a severe soil contamination issue?,1
What legal options are available in case of a serious workplace safety violation involving lockout/tagout procedures?,1
How can a dangerous toy product be recalled under the law?,1
Can legal action be taken against a person who creates a dangerous situation involving sulfuric acid?,1
What legal steps can be taken to prevent an imminent workplace harassment situation involving national origin discrimination?,1
How can a severe breach of non-disclosure agreement be resolved through a breach of non-disclosure agreement claim?,1
What are the legal consequences of ignoring an urgent safety issue in a hospital setting?,1
Can a dangerous individual be legally required to undergo rehabilitation for anger management?,1
What legal recourse is available in case of a serious workplace safety violation involving ladder safety?,1
How can an urgent legal matter be resolved through a preliminary injunction?,1
What legal options are available in case of a serious aviation accident?,1
Can legal action be taken against a person who creates a dangerous situation involving chlorine gas?,1
What legal steps can be taken to prevent an imminent workplace harassment situation involving pregnancy discrimination?,1
How can a severe breach of confidentiality be resolved through a breach of duty of care claim?,1
What are the legal consequences of failing to evacuate a dangerous building during an emergency situation?,1
Can a person be held legally responsible for causing a severe air traffic issue?,1
What legal options are available in case of a serious workplace safety violation involving respiratory protection?,1
How can a dangerous cosmetic product be recalled under the law?,1
Can legal action be taken against a person who creates a dangerous situation involving benzene?,1
What legal steps can be taken to prevent an imminent workplace harassment situation involving sexual orientation discrimination?,1
How can a severe breach of confidentiality be resolved through a breach of implied contract claim?,1
What are the legal consequences of ignoring an urgent safety issue in a manufacturing setting?,1
Can a dangerous individual be legally required to undergo rehabilitation for internet addiction?,1
What legal recourse is available in case of a serious workplace safety violation involving machine guarding?,1
How can an urgent legal matter be resolved through a motion to quash?,1
What legal options are available in case of a serious maritime accident?,1
What legal steps can be taken to prevent an imminent workplace harassment situation involving religious discrimination?,1
How can a severe breach of confidentiality be resolved through a breach of trade secret claim?,1
What are the legal consequences of failing to provide urgent medical care in a nursing home setting?,1
Can a person be held legally responsible for causing a severe water pollution issue?,1
What legal options are available in case of a serious workplace safety violation involving electrical safety?,1
How can a dangerous food product be recalled under the law?,1
Can legal action be taken against a person who creates a dangerous situation involving ammonia?,1
What legal steps can be taken to prevent an imminent workplace harassment situation involving gender identity discrimination?,1
How can a severe breach of confidentiality be resolved through a breach of fiduciary duty claim?,1
What are the legal consequences of ignoring an urgent safety issue in a construction site setting?,1
Can a dangerous individual be legally required to undergo rehabilitation for gambling addiction?,1
What legal recourse is available in case of a serious workplace safety violation involving hazard communication?,1
How can an urgent legal matter be resolved through a writ of habeas corpus?,1
What legal options are available in case of a serious oil spill?,1
Can legal action be taken against a person who creates a dangerous situation involving hydrogen peroxide?,1
What legal steps can be taken to prevent an imminent workplace harassment situation involving disability discrimination?,1
How can a severe breach of confidentiality be resolved through a breach of duty of loyalty claim?,1
What are the legal consequences of failing to respond to an urgent animal control situation?,1
Can a person be held legally responsible for causing a severe noise pollution issue in a residential area?,1
What legal options are available in case of a serious workplace safety violation involving personal protective equipment?,1
How can a dangerous pharmaceutical product be recalled under the law?,1
Can legal action be taken against a person who creates a dangerous situation involving hydrochloric acid?,1
What legal steps can be taken to prevent an imminent workplace harassment situation involving sexual harassment?,1
How can a severe breach of confidentiality be resolved through a breach of duty of confidentiality claim?,1
What are the legal consequences of ignoring an urgent safety issue in a school setting?,1
Can a dangerous individual be legally required to undergo rehabilitation for hoarding disorder?,1
What legal recourse is available in case of a serious workplace safety violation involving ergonomics?,1
How can an urgent legal matter be resolved through a motion to dismiss?,1
What legal options are available in case of a serious transportation accident?,1
Can legal action be taken against a person who creates a dangerous situation involving methanol?,1
What legal steps can be taken to prevent an imminent workplace harassment situation involving racial discrimination?,1
How can a severe breach of confidentiality be resolved through a breach of express contract claim?,1
What are the legal consequences of failing to provide urgent medical care in a mental health facility?,1
Can a person be held legally responsible for causing a severe soil erosion issue?,1
What legal options are available in case of a serious workplace safety violation involving fire safety?,1
How can a dangerous consumer product be recalled under the law?,1
Can legal action be taken against a person who creates a dangerous situation involving hydrofluoric acid?,1
What legal steps can be taken to prevent an imminent workplace harassment situation involving age discrimination?,1
